Modèle,Convergence,AIC,BIC,HQIC,Log-Vraisemblance,MSE,MAE,p-value AR(p),p-value MA(q),p-value S-AR(P),p-value S-MA(Q),p-value $\sigma^2$ 
"(1,1,0)-(0,1,0,96)",True,-2432.840618085467,-2423.3197887033,-2429.1962811534345,1218.4203090427336,0.26666271831150584,0.06408125669644678,1.845382271235315e-138,0.0,0.0,0.0,2.8591289816720253e-187
"(1,1,1)-(0,1,0,96)",True,-2442.833444474414,-2428.5522004011636,-2437.3669390763653,1224.416722237207,0.2666194965444542,0.06360183362053778,1.3877721946173804e-103,1.818911478174797e-12,0.0,0.0,6.943903805266201e-189
"(1,1,2)-(0,1,0,96)",True,-2457.198809535711,-2438.1571507713775,-2449.9101356716455,1232.5994047678555,0.26656146366833994,0.06302915616062484,1.224072971562209e-212,1.6350573467097937e-09,0.0,0.0,2.667941695542823e-205
"(2,1,0)-(0,1,0,96)",True,-2437.599497242507,-2423.3182531692564,-2432.132991844458,1221.7997486212535,0.26663829779761744,0.06392062403410116,0.0003822639304766977,0.0,0.0,0.0,1.4566606009720714e-188
"(2,1,1)-(0,1,0,96)",True,-2454.860519198465,-2435.8188604341317,-2447.5718453343998,1231.4302595992326,0.2665696917235946,0.06320528146486594,9.685357269162236e-08,3.552556635870656e-34,0.0,0.0,9.707118488149642e-196
"(2,1,2)-(0,1,0,96)",True,-2456.70280710025,-2432.900733644833,-2447.5919647701685,1233.351403550125,0.26655618650609225,0.06277766984565915,0.020856732634708372,1.433212370590962e-07,0.0,0.0,2.381885268582577e-192
"(3,1,0)-(0,1,0,96)",True,-2448.856085680836,-2429.8144269165023,-2441.5674118167703,1228.428042840418,0.26659094938267186,0.06322281643373164,6.429261991719249e-06,0.0,0.0,0.0,1.3478743529467794e-186
"(3,1,1)-(0,1,0,96)",True,-2450.368832966047,-2426.56675951063,-2441.2579906359656,1230.1844164830236,0.2665785154089845,0.06306184832825858,1.5931194038355792e-09,0.00444487774885916,0.0,0.0,2.758616901529592e-187
"(3,1,2)-(0,1,0,96)",False,-2448.380731526435,-2419.8182433799343,-2437.4477207303366,1230.1903657632174,0.2665784869137281,0.06305342086484242,0.19013763810797946,0.6542186412786106,0.0,0.0,4.914080186107108e-185
"(1,1,0)-(0,1,1,96)",True,-2794.352748234348,-2780.0715041610974,-2788.886242836299,1400.176374117174,0.26549523809516534,0.05548273005517057,1.5536024109373298e-176,0.0,0.0,1.4960876413756453e-78,8.689358848069234e-134
"(1,1,1)-(0,1,1,96)",True,-2810.500841877567,-2791.4591831132334,-2803.2121680135015,1409.2504209387835,0.26544768681917585,0.05462646866261721,3.085365896306106e-209,6.076677602277606e-36,0.0,3.489447848759142e-67,2.8036747986434387e-123
"(1,1,2)-(0,1,1,96)",True,-2833.6012645035603,-2809.7991910481433,-2824.4904221734787,1421.8006322517801,0.2653973582739473,0.054247287114836,0.0,3.1022028035229516e-14,0.0,1.2647576021240283e-53,1.0568947503121789e-89
"(2,1,0)-(0,1,1,96)",True,-2798.2332195008735,-2779.19156073654,-2790.944545636808,1403.1166097504367,0.26547933604374857,0.05518768310968844,0.00044055705583398663,0.0,0.0,5.529092618287704e-78,4.9039677681404874e-135
"(2,1,1)-(0,1,1,96)",True,-2825.3335910506603,-2801.5315175952433,-2816.2227487205787,1417.6667955253301,0.26540615064657974,0.05434677826656388,5.490463056541522e-07,6.660495707733002e-40,0.0,0.27937475599295003,0.26697399300543523
"(2,1,2)-(0,1,1,96)",True,-2837.833726111551,-2809.2712379650507,-2826.900715315453,1424.9168630557756,0.26538246828447193,0.053964645905050575,0.0013847678286899603,7.334561613833174e-13,0.0,4.335261884721905e-30,3.70248231758645e-45
"(3,1,0)-(0,1,1,96)",False,-2827.8713111285206,-2804.0692376731035,-2818.760468798439,1418.9356555642603,0.2654075698938326,0.05417336715146501,3.8687912776186475e-13,0.0,0.0,7.984249735246743e-46,4.904774992465536e-75
"(3,1,1)-(0,1,1,96)",False,-2826.022056393404,-2797.4595682469035,-2815.089045597306,1419.011028196702,0.2654037497812931,0.054148425918407614,5.441676769219543e-11,0.9828276110994882,0.0,3.26550550217373e-15,1.3574423335401196e-20
"(3,1,2)-(0,1,1,96)",False,-2835.6241025889685,-2802.3011997513845,-2822.868923326854,1424.8120512944843,0.2653850390802323,0.05399685873628506,0.8790050209993792,0.0017155139312302959,0.0,3.3773980432494143e-48,4.193451692051546e-77
"(1,1,0)-(0,1,2,96)",True,-2792.3470266091635,-2773.30536784483,-2785.058352745098,1400.1735133045818,0.26549518373353764,0.055481964622374855,6.8285986832099725e-177,0.0,0.0,6.395397710191548e-74,1.0884249008055736e-129
"(1,1,1)-(0,1,2,96)",True,-2808.5033877037326,-2784.7013142483156,-2799.392545373651,1409.2516938518663,0.26544444519640487,0.05459423754233742,6.477192083735602e-197,5.517386637680215e-33,0.0,7.656298824224101e-53,1.8850506486493626e-84
"(1,1,2)-(0,1,2,96)",True,-2831.6991102966167,-2803.136622150116,-2820.7660995005185,1421.8495551483084,0.2653934878079213,0.054207552364723605,0.0,7.590883010553941e-14,0.0,6.573919631749589e-31,4.445496302841703e-42
"(2,1,0)-(0,1,2,96)",True,-2796.2313043591857,-2772.4292309037687,-2787.120462029104,1403.1156521795929,0.26547994078469705,0.055190590876728354,0.00041818170695156684,0.0,0.0,1.8228566961424148e-77,3.558593289673065e-139
"(2,1,1)-(0,1,2,96)",False,-2821.0343086786643,-2792.4718205321637,-2810.101297882566,1416.5171543393321,0.2654139490483552,0.05445780250156971,0.00016489613144604037,1.460514250116627e-23,0.0,0.21578981887182558,0.19560732577363138
"(2,1,2)-(0,1,2,96)",False,-2835.8964687619346,-2802.5735659243505,-2823.1412894998202,1424.9482343809673,0.2653809634301433,0.053953372243514035,0.0010574765230211161,4.4484768163472637e-13,0.0,2.6021094647940544e-34,5.461943222052991e-46
"(3,1,0)-(0,1,2,96)",False,-2825.6783247691583,-2797.1158366226578,-2814.74531397306,1418.8391623845791,0.26540958013683,0.054198243510136836,3.4059311556158116e-12,0.0,0.0,4.4055160901920745e-79,1.0483637513473372e-137
"(3,1,1)-(0,1,2,96)",True,-2822.9293064881685,-2789.6064036505845,-2810.174127226054,1418.4646532440843,0.2654101521547149,0.0541712318972334,5.041889619698369e-13,0.20511373717867987,0.0,6.837437057925756e-63,3.108947852306063e-101
"(3,1,2)-(0,1,2,96)",False,-2828.6791082451664,-2790.595790716499,-2814.1017605170355,1422.3395541225832,0.2653859112660626,0.054071155636255,0.5182547319844444,0.00012868513070204158,0.0,1.9900566409242113e-28,5.227607216600259e-33
"(1,1,0)-(1,1,0,96)",True,-2638.531375399198,-2624.2501313259477,-2633.0648700011493,1322.265687699599,0.265959313197665,0.05929025165251893,3.1092139032155657e-152,0.0,3.3698599604195707e-97,0.0,2.8712868198016987e-225
"(1,1,1)-(1,1,0,96)",True,-2652.302039225022,-2633.2603804606883,-2645.0133653609564,1330.151019612511,0.2659138352598897,0.058606267978905766,1.7521180190338427e-137,7.780451321972355e-19,1.1087647437691755e-103,0.0,4.248960407285905e-232
"(1,1,2)-(1,1,0,96)",True,-2669.65998335168,-2645.8579098962628,-2660.549141021598,1339.82999167584,0.26586301927250944,0.05818217269524573,1.163330583555162e-220,1.8779696669778736e-09,3.867290670784559e-112,0.0,1.5601934510331224e-242
"(2,1,0)-(1,1,0,96)",True,-2644.097988946156,-2625.0563301818224,-2636.8093150820905,1326.048994473078,0.2659371958037479,0.05904998473241015,0.000265054132556295,0.0,7.858917067650256e-96,0.0,1.4070567968265276e-226
"(2,1,1)-(1,1,0,96)",True,-2664.9728589740025,-2641.1707855185855,-2655.862016643921,1337.4864294870013,0.2658750044986123,0.05832273758275218,3.946405619399086e-06,3.872176693565834e-25,9.688044421595472e-110,0.0,3.69930087931463e-237
"(2,1,2)-(1,1,0,96)",False,-2670.5422263289265,-2641.979738182426,-2659.6092155328283,1341.2711131644633,0.26585594403478063,0.057968517887665175,9.298438512755074e-08,6.800374929624663e-17,2.889470484082713e-113,0.0,7.301761707037432e-239
"(3,1,0)-(1,1,0,96)",True,-2662.4836636098694,-2638.6815901544524,-2653.372821279788,1336.2418318049347,0.26588165970790906,0.05818140696638617,1.5476013946152662e-07,0.0,1.8178057626803404e-104,0.0,1.0864062468564278e-235
"(3,1,1)-(1,1,0,96)",False,-2663.5222079594614,-2634.959719812961,-2652.589197163363,1337.7611039797307,0.26587452812882945,0.0581190903422427,3.3621483252075626e-11,0.00012706561454909487,3.090359483661484e-102,0.0,1.808251102905911e-229
"(3,1,2)-(1,1,0,96)",False,-2665.2588654697483,-2631.9359626321643,-2652.503686207634,1339.6294327348742,0.26586477489063565,0.058124829836383854,0.8892353402182656,0.008414336184674819,2.1835746976550427e-107,0.0,2.317923317231623e-229
"(1,1,0)-(1,1,1,96)",True,-2792.301508005992,-2773.2598492416587,-2785.0128341419268,1400.150754002996,0.2654957656614839,0.05549097851563912,1.3127151160163589e-176,0.0,0.8405821145329951,1.189142361547311e-65,1.4284492736275705e-139
"(1,1,1)-(1,1,1,96)",True,-2808.311102277946,-2784.5090288225288,-2799.200259947864,1409.155551138973,0.2654426475623087,0.054581779168175776,2.615727701296262e-197,3.537742080352351e-33,0.9437733654138807,6.957061608272868e-23,9.316997724346745e-40
"(1,1,2)-(1,1,1,96)",False,-2831.587889926519,-2803.0254017800185,-2820.654879130421,1421.7939449632595,0.26539268443917885,0.054209667522771995,1.5960097705575e-309,1.584266959139229e-13,0.9509262639294874,2.2578217426898903e-14,2.992762047324784e-21
"(2,1,0)-(1,1,1,96)",True,-2796.2286744799076,-2772.4266010244905,-2787.117832149826,1403.1143372399538,0.26548000079730355,0.05519557253465099,0.0005640124609672562,0.0,0.9695249562548423,3.0514616779829406e-61,2.1389231649089826e-133
"(2,1,1)-(1,1,1,96)",False,-2823.3906799639735,-2794.828191817473,-2812.4576691678753,1417.6953399819868,0.2654070870135806,0.05436415650422551,2.645848161583339e-07,2.05751267398409e-43,0.8688728468540747,0.8388274653896077,0.83785715963164
"(2,1,2)-(1,1,1,96)",False,-2835.87406746301,-2802.551164625426,-2823.1188882008955,1424.937033731505,0.26538045507338687,0.05394345964176096,0.0009322817009523668,2.658824540056589e-13,0.8298169983751706,1.258208526154841e-19,5.91234136111257e-31
"(3,1,0)-(1,1,1,96)",False,-2826.038667586422,-2797.4761794399215,-2815.105656790324,1419.019333793211,0.2654053658798569,0.05414538585137769,1.9914864833327703e-12,0.0,0.6444273457681056,7.000426784498767e-43,1.6279150008284471e-83
"(3,1,1)-(1,1,1,96)",False,-2822.0670869230075,-2788.7441840854235,-2809.311907660893,1418.0335434615038,0.26541616359891723,0.054230872430410006,8.821197045112652e-13,0.12324482825741377,0.3529987503232943,1.338394591256723e-76,7.700761698344403e-157
"(3,1,2)-(1,1,1,96)",False,-2825.3326893007334,-2787.249371772066,-2810.7553415726024,1420.6663446503667,0.2653968500114647,0.054108870294406614,0.4043910211558991,0.02472511759528407,0.9466962098009595,1.432210337506458e-15,1.2014539543551003e-23
"(1,1,0)-(1,1,2,96)",True,-2790.8927725724284,-2767.0906991170114,-2781.781930242347,1400.4463862862142,0.2654927064717407,0.055444701464000615,1.9953873072668852e-174,0.0,0.576223681320678,0.8153503856445641,1.4638561530404144e-91
"(1,1,1)-(1,1,2,96)",True,-2806.2802648208444,-2777.717776674344,-2795.3472540247462,1409.1401324104222,0.265440046027243,0.05456568307785774,7.146252293264027e-202,6.043735076160476e-34,0.45226998605712854,0.9191549979956979,0.11825494389966497
"(1,1,2)-(1,1,2,96)",False,-2829.6358729514823,-2796.3129701138982,-2816.880693689368,1421.8179364757411,0.2653917497598838,0.0541978581648758,0.0,1.7593886199544934e-13,0.7129320505095909,0.9885534998087175,0.7949119598845358
"(2,1,0)-(1,1,2,96)",True,-2794.6527041943336,-2766.090216047833,-2783.7196933982354,1403.3263520971668,0.26547779826224643,0.055178422520314796,0.0005425221763195459,0.0,0.6169574344284692,0.8304003811709912,7.297630539812025e-102
"(2,1,1)-(1,1,2,96)",False,-2808.849943378269,-2775.527040540685,-2796.0947641161547,1411.4249716891345,0.2654351156126272,0.054768703704849354,0.010585928584741063,1.0817582329320155e-07,0.01397573784259458,0.7086301489941932,3.0465463233601794e-10
"(2,1,2)-(1,1,2,96)",False,-2832.1853634740696,-2794.102045945402,-2817.6080157459387,1424.0926817370348,0.26538749872014467,0.054003821293732976,1.052075994768445e-05,9.48666951242349e-17,0.5492982925039722,0.8204230444774545,4.11099129524088e-40
"(3,1,0)-(1,1,2,96)",False,-2824.1057864013974,-2790.7828835638134,-2811.350607139283,1419.0528932006987,0.26540507931844953,0.054150476168071573,2.5241391527249388e-11,0.0,0.7791698368692215,0.9206060207393132,1.5108077118493876e-29
"(3,1,1)-(1,1,2,96)",False,-2820.7548304774937,-2782.671512948826,-2806.1774827493628,1418.3774152387468,0.26540994288996295,0.054173267289955446,1.1932868246228828e-11,0.13371634124008885,0.7952274804415874,0.9196902465840838,1.0318110548449773e-45
"(3,1,2)-(1,1,2,96)",False,-2825.794300666481,-2782.95056844673,-2809.394784472334,1421.8971503332405,0.2653899739465532,0.05406085055848897,0.608759220037512,5.8110171936373854e-05,0.6376820405988928,0.9741073657661513,0.6735055695347646
"(1,1,0)-(2,1,0,96)",True,-2743.0177817330255,-2723.976122968692,-2735.72910786896,1375.5088908665127,0.2656422777219488,0.05676769517709193,4.067008130318132e-156,0.0,1.6363462186515236e-108,0.0,8.291224414580498e-212
"(1,1,1)-(2,1,0,96)",True,-2759.594592171788,-2735.792518716371,-2750.4837498417064,1384.797296085894,0.2655919556172019,0.05589215111495838,3.7650908595858726e-173,1.220593723213933e-27,9.84113374734302e-115,0.0,1.385566651510726e-225
"(1,1,2)-(2,1,0,96)",False,-2778.741384580953,-2750.1788964344523,-2767.8083737848547,1395.3706922904764,0.26554585224046995,0.05547421811209342,2.4947329675771965e-299,3.2132033679165515e-11,6.652491203228732e-119,0.0,2.222083940956795e-232
"(2,1,0)-(2,1,0,96)",True,-2749.2037778047347,-2725.4017043493177,-2740.092935474653,1379.6018889023674,0.26561995721144754,0.056437580019649644,6.155934144643194e-05,0.0,7.4431251342549025e-109,0.0,8.808483661164759e-216
"(2,1,1)-(2,1,0,96)",True,-2773.476185155463,-2744.9136970089626,-2762.543174359365,1392.7380925777315,0.2655566501784463,0.05564098218783158,1.7539755117735912e-06,9.3270968764434e-31,8.859296554983602e-117,0.0,2.909329356545465e-228
"(2,1,2)-(2,1,0,96)",False,-2780.9574161592004,-2747.6345133216164,-2768.202236897086,1397.4787080796002,0.2655358520367866,0.055217384090012624,0.003152062961289268,4.50051543747384e-11,1.3822540392698753e-124,0.0,4.068943306014243e-223
"(3,1,0)-(2,1,0,96)",True,-2769.8739115610088,-2741.311423414508,-2758.9409007649106,1390.9369557805044,0.26556567187717534,0.05551871631700437,1.290617544308598e-08,0.0,5.599576782947082e-116,0.0,1.2480259393444455e-224
"(3,1,1)-(2,1,0,96)",True,-2768.2209679826055,-2734.8980651450215,-2755.465788720491,1391.1104839913028,0.2655660594847198,0.0555482299050882,9.951020014551236e-10,0.17417600839258263,4.0401977744379475e-113,0.0,2.637822742150082e-221
"(3,1,2)-(2,1,0,96)",False,-2773.363504072198,-2735.2801865435304,-2758.786156344067,1394.681752036099,0.26554983859553233,0.05540190978911016,0.39335630518993536,2.8279721737519143e-05,3.480854378931522e-115,0.0,3.192606564997823e-213
"(1,1,0)-(2,1,1,96)",True,-2790.6879913387097,-2766.8859178832927,-2781.577149008628,1400.3439956693549,0.26549524218011983,0.055484673494202164,4.849092339091682e-176,0.0,0.5599192620206394,4.5721045363897216e-24,5.379026025774082e-154
"(1,1,1)-(2,1,1,96)",False,-2807.3906237444353,-2778.8281355979348,-2796.457612948337,1409.6953118722176,0.26544604148210144,0.054628134128910905,2.259742977856597e-197,2.8843762291438665e-33,0.35162530236283196,6.86087800103414e-24,1.0206491774292084e-179
"(1,1,2)-(2,1,1,96)",False,-2829.751275925019,-2796.428373087435,-2816.9960966629046,1421.8756379625095,0.2653950253217259,0.05425952245810939,1.435842356705351e-248,2.5128322285265117e-11,0.3998278623281446,2.0742448858032473e-23,2.0761975580499434e-134
"(2,1,0)-(2,1,1,96)",False,-2794.8136386400893,-2766.2511504935887,-2783.880627843991,1403.4068193200446,0.26547921739242686,0.05519300597110857,0.0005069684020535749,0.0,0.4822724347012124,3.9284964711961925e-24,7.385242160778474e-167
"(2,1,1)-(2,1,1,96)",False,-2794.640245148129,-2761.317342310545,-2781.8850658860147,1404.3201225740645,0.26547053425099054,0.055107847623651826,0.7355966996094874,0.37392886040779905,0.44861589317291983,0.014589436679123156,0.003229345627758881
"(2,1,2)-(2,1,1,96)",False,-2825.4100972935707,-2787.326779764903,-2810.83274956544,1420.7050486467854,0.26541510830344833,0.05428381922491651,5.103786416290036e-05,1.77024207242281e-11,0.021763595768707827,6.680730316192484e-20,3.4934092305204834e-210
"(3,1,0)-(2,1,1,96)",False,-2824.425457143261,-2791.102554305677,-2811.670277881147,1419.2127285716306,0.26540531731208644,0.054164195188062036,5.8510788187239225e-12,0.0,0.35466323005163836,2.123421618749966e-22,9.281820595069137e-132
"(3,1,1)-(2,1,1,96)",False,-2820.6576483020503,-2782.574330773383,-2806.0803005739194,1418.3288241510252,0.2654121656962868,0.05425834938502002,1.1314879802651374e-12,0.1413011205627878,0.24860608829034003,6.542632992906547e-24,1.2002311550139984e-163
"(3,1,2)-(2,1,1,96)",False,-2824.7746528129464,-2781.9309205931954,-2808.3751366187994,1421.3873264064732,0.26539335574068923,0.054083487566427904,0.7389184430460438,0.006977544447357828,0.7684953285312344,1.342422673171055e-10,3.578243946372493e-31
"(1,1,0)-(2,1,2,96)",True,-2790.065934741323,-2761.5034465948224,-2779.132923945225,1401.0329673706615,0.26549084120307914,0.05541351538618876,3.695891533620029e-172,0.0,0.3558011406129571,0.6945487773474878,2.7145715541096914e-157
"(1,1,1)-(2,1,2,96)",False,-2806.5577053648967,-2773.2348025273127,-2793.8025261027824,1410.2788526824484,0.26544325737387653,0.054583201495900936,4.14351948269505e-204,6.740751287171279e-35,0.3238223742478845,0.6698408792437485,1.942938556620961e-178
"(1,1,2)-(2,1,2,96)",False,-2828.4518996976017,-2790.368582168934,-2813.8745519694708,1422.2259498488008,0.26538837803196796,0.05416195777803636,1.88398217420599e-303,3.143206796217968e-13,0.46572864301010564,0.7966762530291,6.820809064760378e-17
"(2,1,0)-(2,1,2,96)",True,-2794.1284371955135,-2760.8055343579294,-2781.373257933399,1404.0642185977567,0.2654757086269255,0.05513850924978366,0.00047535853168961394,0.0,0.35088516367919376,0.6851020167982654,5.427665460702975e-170
"(2,1,1)-(2,1,2,96)",False,-2811.554617406504,-2773.4712998778364,-2796.977269678373,1413.777308703252,0.2654175250245882,0.05457980485286678,0.004309468517108292,9.85048702704537e-15,0.316050757738348,0.9855794143679174,0.8189188786867609
"(2,1,2)-(2,1,2,96)",True,-2827.635141385757,-2784.791409166006,-2811.23562519161,1422.8175706928785,0.2653917704111305,0.054009516791537586,6.9082704345098245e-09,7.876127513414641e-20,0.2572006334790671,0.6405040447454848,4.64459320441194e-171
"(3,1,0)-(2,1,2,96)",False,-2822.836305789649,-2784.7529882609815,-2808.258958061518,1419.4181528948245,0.2654078739675446,0.05416254747111165,1.9770489855425268e-11,0.0,0.32618096363406124,0.6711836854258324,2.6670748597843923e-178
"(3,1,1)-(2,1,2,96)",False,-2819.93711043975,-2777.093378219999,-2803.537594245603,1418.968555219875,0.2654084811876296,0.054166948767874375,2.335626453000824e-11,0.17034601512102177,0.44817820965216704,0.7315312463119574,1.533724993068058e-133
"(3,1,2)-(2,1,2,96)",False,-2823.8460775879203,-2776.241930677086,-2805.6243929277566,1421.9230387939601,0.2653897362918077,0.054051338943397656,0.6358318788394757,3.267757314077237e-05,0.3015690848226579,0.9145333393201442,0.3741704579976135
